<xml xmlns="https://developers.google.com/blockly/xml" id="toolbox" style="display: none">
  <category name="I/O" colour="#ff9933" icon="exchange-alt">
    <block type="xbot_input_led" />
    <block type="xbot_input_button" />
    <block type="xbot_mini_fan">
      <value name="speed">
        <shadow type="math_number">
          <field name="NUM">50</field>
        </shadow>
      </value>
    </block>
    <block type="xbot_input_joystick" />
    <block type="xbot_input_rotary_analog" />
    <block type="xbot_input_relay" />
  </category>
</xml>
